video,event_id,track_id,frame_idx,timestamp_sec,mode,pred_label,pred_confidence,crop_bbox_xyxy,prob_safe_or_no_event,prob_telefonla_konusma,prob_phone_use_non_call,prob_su_icme,prob_arkaya_bakma_candidate,prob_passenger_interaction_candidate,prob_other_distraction_hard_negative
video_1.mp4,EVT-TRK-EXP-001-video_1-TRK-001,TRK-001,1,0.02,full_frame,arkaya_bakma_candidate,0.376964,,0.01016,0.126941,0.346725,0.083471,0.376964,0.013326,0.042413
video_1.mp4,EVT-TRK-EXP-001-video_1-TRK-001,TRK-001,1,0.02,target_vehicle,passenger_interaction_candidate,0.502962,"[0, 846, 1684, 2132]",0.066485,0.024234,0.061625,0.029579,0.140761,0.502962,0.174353
video_1.mp4,EVT-TRK-EXP-001-video_1-TRK-001,TRK-001,1,0.02,cabin_candidate,safe_or_no_event,0.246117,"[84, 949, 1263, 1566]",0.246117,0.052508,0.205682,0.053041,0.062535,0.221486,0.15863
video_1.mp4,EVT-TRK-EXP-001-video_1-TRK-001,TRK-001,11,0.22,full_frame,arkaya_bakma_candidate,0.484125,,0.009709,0.091834,0.288971,0.07415,0.484125,0.009436,0.041776
video_1.mp4,EVT-TRK-EXP-001-video_1-TRK-001,TRK-001,11,0.22,target_vehicle,passenger_interaction_candidate,0.388654,"[0, 846, 1684, 2132]",0.059998,0.027096,0.060063,0.031629,0.260144,0.388654,0.172416
video_1.mp4,EVT-TRK-EXP-001-video_1-TRK-001,TRK-001,11,0.22,cabin_candidate,safe_or_no_event,0.259758,"[84, 949, 1263, 1566]",0.259758,0.041798,0.208024,0.043535,0.050192,0.256075,0.140618
video_1.mp4,EVT-TRK-EXP-001-video_1-TRK-001,TRK-001,21,0.42,full_frame,arkaya_bakma_candidate,0.50378,,0.011937,0.104044,0.261951,0.067907,0.50378,0.010937,0.039444
video_1.mp4,EVT-TRK-EXP-001-video_1-TRK-001,TRK-001,21,0.42,target_vehicle,passenger_interaction_candidate,0.35847,"[0, 846, 1684, 2132]",0.053801,0.026395,0.063053,0.031889,0.300673,0.35847,0.165718
video_1.mp4,EVT-TRK-EXP-001-video_1-TRK-001,TRK-001,21,0.42,cabin_candidate,passenger_interaction_candidate,0.255646,"[84, 949, 1263, 1566]",0.232993,0.051528,0.208542,0.058952,0.056705,0.255646,0.135634
video_1.mp4,EVT-TRK-EXP-001-video_1-TRK-001,TRK-001,31,0.62,full_frame,arkaya_bakma_candidate,0.584209,,0.011682,0.090557,0.190206,0.075197,0.584209,0.009641,0.038509
video_1.mp4,EVT-TRK-EXP-001-video_1-TRK-001,TRK-001,31,0.62,target_vehicle,passenger_interaction_candidate,0.328636,"[0, 846, 1684, 2132]",0.05073,0.027088,0.061416,0.030808,0.315236,0.328636,0.186085
video_1.mp4,EVT-TRK-EXP-001-video_1-TRK-001,TRK-001,31,0.62,cabin_candidate,passenger_interaction_candidate,0.243262,"[84, 949, 1263, 1566]",0.22397,0.043887,0.235506,0.052311,0.055185,0.243262,0.14588
video_1.mp4,EVT-TRK-EXP-001-video_1-TRK-001,TRK-001,41,0.82,full_frame,arkaya_bakma_candidate,0.639311,,0.011264,0.088505,0.157861,0.062259,0.639311,0.007978,0.032823
video_1.mp4,EVT-TRK-EXP-001-video_1-TRK-001,TRK-001,41,0.82,target_vehicle,passenger_interaction_candidate,0.321029,"[0, 846, 1684, 2132]",0.071418,0.029624,0.069077,0.030954,0.2978,0.321029,0.180098
video_1.mp4,EVT-TRK-EXP-001-video_1-TRK-001,TRK-001,41,0.82,cabin_candidate,passenger_interaction_candidate,0.238283,"[84, 949, 1263, 1566]",0.230857,0.052467,0.217092,0.064026,0.062206,0.238283,0.135069
video_1.mp4,EVT-TRK-EXP-001-video_1-TRK-001,TRK-001,51,1.02,full_frame,arkaya_bakma_candidate,0.480446,,0.012331,0.114743,0.304799,0.053953,0.480446,0.008173,0.025555
video_1.mp4,EVT-TRK-EXP-001-video_1-TRK-001,TRK-001,51,1.02,target_vehicle,arkaya_bakma_candidate,0.430642,"[0, 846, 1684, 2132]",0.074123,0.022513,0.06081,0.02063,0.430642,0.218335,0.172947
video_1.mp4,EVT-TRK-EXP-001-video_1-TRK-001,TRK-001,51,1.02,cabin_candidate,passenger_interaction_candidate,0.242492,"[84, 949, 1263, 1566]",0.22897,0.046726,0.22256,0.055163,0.061912,0.242492,0.142177
video_1.mp4,EVT-TRK-EXP-001-video_1-TRK-001,TRK-001,61,1.22,full_frame,arkaya_bakma_candidate,0.432207,,0.009181,0.106435,0.366337,0.053558,0.432207,0.008093,0.024189
video_1.mp4,EVT-TRK-EXP-001-video_1-TRK-001,TRK-001,61,1.22,target_vehicle,arkaya_bakma_candidate,0.285637,"[0, 846, 1684, 2132]",0.097508,0.031554,0.07658,0.026049,0.285637,0.271681,0.210991
video_1.mp4,EVT-TRK-EXP-001-video_1-TRK-001,TRK-001,61,1.22,cabin_candidate,passenger_interaction_candidate,0.236505,"[84, 949, 1263, 1566]",0.214167,0.04771,0.233551,0.06226,0.06212,0.236505,0.143686
video_1.mp4,EVT-TRK-EXP-001-video_1-TRK-001,TRK-001,71,1.42,full_frame,arkaya_bakma_candidate,0.607562,,0.006478,0.082797,0.242344,0.034187,0.607562,0.009125,0.017508
video_1.mp4,EVT-TRK-EXP-001-video_1-TRK-001,TRK-001,71,1.42,target_vehicle,passenger_interaction_candidate,0.436545,"[0, 846, 1684, 2132]",0.070843,0.01838,0.027342,0.01283,0.129759,0.436545,0.3043
video_1.mp4,EVT-TRK-EXP-001-video_1-TRK-001,TRK-001,71,1.42,cabin_candidate,phone_use_non_call,0.252689,"[84, 949, 1263, 1566]",0.212558,0.047808,0.252689,0.061916,0.065214,0.218651,0.141163
video_1.mp4,EVT-TRK-EXP-001-video_1-TRK-001,TRK-001,81,1.62,full_frame,arkaya_bakma_candidate,0.544201,,0.005746,0.088011,0.292794,0.041601,0.544201,0.008635,0.019012
video_1.mp4,EVT-TRK-EXP-001-video_1-TRK-001,TRK-001,81,1.62,target_vehicle,passenger_interaction_candidate,0.500636,"[0, 846, 1684, 2132]",0.064153,0.010897,0.019972,0.007923,0.101849,0.500636,0.29457
video_1.mp4,EVT-TRK-EXP-001-video_1-TRK-001,TRK-001,81,1.62,cabin_candidate,phone_use_non_call,0.2582,"[84, 949, 1263, 1566]",0.212073,0.049432,0.2582,0.060811,0.063967,0.200248,0.15527
video_1.mp4,EVT-TRK-EXP-001-video_1-TRK-001,TRK-001,91,1.82,full_frame,arkaya_bakma_candidate,0.575799,,0.004169,0.070531,0.303152,0.022738,0.575799,0.006575,0.017037
video_1.mp4,EVT-TRK-EXP-001-video_1-TRK-001,TRK-001,91,1.82,target_vehicle,other_distraction_hard_negative,0.418604,"[0, 846, 1684, 2132]",0.061048,0.014727,0.021065,0.012913,0.074557,0.397086,0.418604
video_1.mp4,EVT-TRK-EXP-001-video_1-TRK-001,TRK-001,91,1.82,cabin_candidate,phone_use_non_call,0.271003,"[84, 949, 1263, 1566]",0.185088,0.044128,0.271003,0.056755,0.071674,0.222792,0.14856
video_1.mp4,EVT-TRK-EXP-001-video_1-TRK-001,TRK-001,101,2.02,full_frame,arkaya_bakma_candidate,0.693502,,0.007684,0.080389,0.145787,0.025318,0.693502,0.011164,0.036156
video_1.mp4,EVT-TRK-EXP-001-video_1-TRK-001,TRK-001,101,2.02,target_vehicle,other_distraction_hard_negative,0.67672,"[0, 846, 1684, 2132]",0.030286,0.011279,0.009074,0.007596,0.041683,0.223361,0.67672
video_1.mp4,EVT-TRK-EXP-001-video_1-TRK-001,TRK-001,101,2.02,cabin_candidate,passenger_interaction_candidate,0.249082,"[84, 949, 1263, 1566]",0.203613,0.032033,0.240733,0.039866,0.07671,0.249082,0.157962
video_1.mp4,EVT-TRK-EXP-001-video_1-TRK-001,TRK-001,111,2.22,full_frame,arkaya_bakma_candidate,0.606695,,0.006036,0.074599,0.252462,0.013521,0.606695,0.014536,0.03215
video_1.mp4,EVT-TRK-EXP-001-video_1-TRK-001,TRK-001,111,2.22,target_vehicle,other_distraction_hard_negative,0.59218,"[0, 846, 1684, 2132]",0.085989,0.014856,0.018902,0.011177,0.151964,0.124932,0.59218
video_1.mp4,EVT-TRK-EXP-001-video_1-TRK-001,TRK-001,111,2.22,cabin_candidate,safe_or_no_event,0.237157,"[84, 949, 1263, 1566]",0.237157,0.041982,0.153977,0.046554,0.061418,0.226489,0.232425
video_1.mp4,EVT-TRK-EXP-001-video_1-TRK-001,TRK-001,121,2.42,full_frame,arkaya_bakma_candidate,0.746376,,0.004297,0.044851,0.158245,0.009978,0.746376,0.015914,0.020339
video_1.mp4,EVT-TRK-EXP-001-video_1-TRK-001,TRK-001,121,2.42,target_vehicle,other_distraction_hard_negative,0.454429,"[0, 846, 1684, 2132]",0.177081,0.0213,0.032382,0.011548,0.145449,0.157811,0.454429
video_1.mp4,EVT-TRK-EXP-001-video_1-TRK-001,TRK-001,121,2.42,cabin_candidate,safe_or_no_event,0.432465,"[84, 949, 1263, 1566]",0.432465,0.018883,0.044036,0.01313,0.017465,0.082429,0.391593
video_1.mp4,EVT-TRK-EXP-001-video_1-TRK-001,TRK-001,131,2.62,full_frame,phone_use_non_call,0.627041,,0.004967,0.031859,0.627041,0.005203,0.302052,0.011762,0.017116
video_1.mp4,EVT-TRK-EXP-001-video_1-TRK-001,TRK-001,131,2.62,target_vehicle,other_distraction_hard_negative,0.426341,"[0, 846, 1684, 2132]",0.198126,0.039439,0.03667,0.018416,0.169512,0.111496,0.426341
video_1.mp4,EVT-TRK-EXP-001-video_1-TRK-001,TRK-001,131,2.62,cabin_candidate,safe_or_no_event,0.346968,"[84, 949, 1263, 1566]",0.346968,0.02181,0.020792,0.00427,0.138562,0.178555,0.289043
video_1.mp4,EVT-TRK-EXP-001-video_1-TRK-001,TRK-001,141,2.82,full_frame,phone_use_non_call,0.649087,,0.006085,0.016614,0.649087,0.00517,0.264384,0.040741,0.017919
video_1.mp4,EVT-TRK-EXP-001-video_1-TRK-001,TRK-001,141,2.82,target_vehicle,other_distraction_hard_negative,0.452754,"[0, 846, 1684, 2132]",0.328102,0.018528,0.026773,0.009041,0.116217,0.048585,0.452754
video_1.mp4,EVT-TRK-EXP-001-video_1-TRK-001,TRK-001,141,2.82,cabin_candidate,safe_or_no_event,0.774047,"[84, 949, 1263, 1566]",0.774047,0.004496,0.012381,0.000566,0.050644,0.118668,0.039198
video_1.mp4,EVT-TRK-EXP-001-video_1-TRK-001,TRK-001,151,3.02,full_frame,arkaya_bakma_candidate,0.604934,,0.007668,0.012631,0.281843,0.004835,0.604934,0.065175,0.022915
video_1.mp4,EVT-TRK-EXP-001-video_1-TRK-001,TRK-001,151,3.02,target_vehicle,other_distraction_hard_negative,0.715367,"[0, 846, 1684, 2132]",0.107402,0.016255,0.02239,0.01462,0.094406,0.02956,0.715367
video_1.mp4,EVT-TRK-EXP-001-video_1-TRK-001,TRK-001,151,3.02,cabin_candidate,arkaya_bakma_candidate,0.572851,"[84, 949, 1263, 1566]",0.172704,0.034085,0.009885,0.002129,0.572851,0.204296,0.004051
video_1.mp4,EVT-TRK-EXP-001-video_1-TRK-001,TRK-001,161,3.22,full_frame,phone_use_non_call,0.74844,,0.013681,0.011207,0.74844,0.002271,0.082383,0.118477,0.023542
video_1.mp4,EVT-TRK-EXP-001-video_1-TRK-001,TRK-001,161,3.22,target_vehicle,other_distraction_hard_negative,0.44803,"[0, 846, 1684, 2132]",0.083591,0.034775,0.037241,0.038291,0.305714,0.052357,0.44803
video_1.mp4,EVT-TRK-EXP-001-video_1-TRK-001,TRK-001,161,3.22,cabin_candidate,arkaya_bakma_candidate,0.920971,"[84, 949, 1263, 1566]",0.00754,0.018921,0.009951,0.004231,0.920971,0.03695,0.001436
video_1.mp4,EVT-TRK-EXP-001-video_1-TRK-001,TRK-001,171,3.42,full_frame,phone_use_non_call,0.621937,,0.016995,0.034547,0.621937,0.009035,0.188986,0.055215,0.073286
video_1.mp4,EVT-TRK-EXP-001-video_1-TRK-001,TRK-001,171,3.42,target_vehicle,other_distraction_hard_negative,0.712442,"[0, 846, 1684, 2132]",0.048978,0.021689,0.011903,0.020238,0.169446,0.015305,0.712442
video_1.mp4,EVT-TRK-EXP-001-video_1-TRK-001,TRK-001,171,3.42,cabin_candidate,arkaya_bakma_candidate,0.958131,"[84, 949, 1263, 1566]",0.001017,0.00475,0.012135,0.002113,0.958131,0.020914,0.00094
video_1.mp4,EVT-TRK-EXP-001-video_1-TRK-001,TRK-001,181,3.62,full_frame,phone_use_non_call,0.612535,,0.040897,0.016233,0.612535,0.005553,0.253187,0.038276,0.033319
video_1.mp4,EVT-TRK-EXP-001-video_1-TRK-001,TRK-001,181,3.62,target_vehicle,other_distraction_hard_negative,0.459854,"[0, 846, 1684, 2132]",0.04575,0.029098,0.024252,0.013666,0.383588,0.043793,0.459854
video_1.mp4,EVT-TRK-EXP-001-video_1-TRK-001,TRK-001,181,3.62,cabin_candidate,phone_use_non_call,0.44106,"[84, 949, 1263, 1566]",0.007417,0.041609,0.44106,0.026338,0.174614,0.236845,0.072117
video_1.mp4,EVT-TRK-EXP-001-video_1-TRK-001,TRK-001,191,3.82,full_frame,phone_use_non_call,0.946452,,0.005211,0.003947,0.946452,0.000882,0.027507,0.011429,0.004572
video_1.mp4,EVT-TRK-EXP-001-video_1-TRK-001,TRK-001,191,3.82,target_vehicle,other_distraction_hard_negative,0.603874,"[0, 846, 1684, 2132]",0.163592,0.016865,0.010276,0.005588,0.172781,0.027024,0.603874
video_1.mp4,EVT-TRK-EXP-001-video_1-TRK-001,TRK-001,191,3.82,cabin_candidate,other_distraction_hard_negative,0.79281,"[84, 949, 1263, 1566]",0.024029,0.023854,0.015533,0.007465,0.052431,0.083879,0.79281
video_1.mp4,EVT-TRK-EXP-001-video_1-TRK-001,TRK-001,201,4.02,full_frame,phone_use_non_call,0.945226,,0.005129,0.005149,0.945226,0.000556,0.029068,0.012829,0.002043
video_1.mp4,EVT-TRK-EXP-001-video_1-TRK-001,TRK-001,201,4.02,target_vehicle,arkaya_bakma_candidate,0.384694,"[0, 846, 1684, 2132]",0.090697,0.016161,0.07867,0.010072,0.384694,0.242784,0.176923
video_1.mp4,EVT-TRK-EXP-001-video_1-TRK-001,TRK-001,201,4.02,cabin_candidate,other_distraction_hard_negative,0.939529,"[84, 949, 1263, 1566]",0.012113,0.012289,0.001809,0.010946,0.018946,0.004367,0.939529
video_1.mp4,EVT-TRK-EXP-001-video_1-TRK-001,TRK-001,211,4.22,full_frame,phone_use_non_call,0.894812,,0.010597,0.011958,0.894812,0.002633,0.051259,0.026035,0.002707
video_1.mp4,EVT-TRK-EXP-001-video_1-TRK-001,TRK-001,211,4.22,target_vehicle,arkaya_bakma_candidate,0.313943,"[0, 846, 1684, 2132]",0.020346,0.027423,0.283576,0.012191,0.313943,0.211731,0.13079
video_1.mp4,EVT-TRK-EXP-001-video_1-TRK-001,TRK-001,211,4.22,cabin_candidate,passenger_interaction_candidate,0.961162,"[84, 949, 1263, 1566]",0.007162,0.003057,0.0062,0.001127,0.005307,0.961162,0.015986
video_1.mp4,EVT-TRK-EXP-001-video_1-TRK-001,TRK-001,221,4.42,full_frame,phone_use_non_call,0.972356,,0.001257,0.007534,0.972356,0.001247,0.013743,0.00221,0.001653
video_1.mp4,EVT-TRK-EXP-001-video_1-TRK-001,TRK-001,221,4.42,target_vehicle,phone_use_non_call,0.936221,"[0, 846, 1684, 2132]",0.001154,0.009029,0.936221,0.002596,0.023044,0.021281,0.006676
video_1.mp4,EVT-TRK-EXP-001-video_1-TRK-001,TRK-001,221,4.42,cabin_candidate,telefonla_konusma,0.478225,"[84, 949, 1263, 1566]",0.02969,0.478225,0.008279,0.001165,0.030315,0.393437,0.058888
video_1.mp4,EVT-TRK-EXP-001-video_1-TRK-001,TRK-001,231,4.62,full_frame,phone_use_non_call,0.969743,,0.000722,0.006786,0.969743,0.002452,0.016586,0.002482,0.001229
video_1.mp4,EVT-TRK-EXP-001-video_1-TRK-001,TRK-001,231,4.62,target_vehicle,phone_use_non_call,0.923472,"[0, 846, 1684, 2132]",0.000274,0.002551,0.923472,0.002585,0.061598,0.005665,0.003855
video_1.mp4,EVT-TRK-EXP-001-video_1-TRK-001,TRK-001,231,4.62,cabin_candidate,telefonla_konusma,0.658487,"[84, 949, 1263, 1566]",0.001834,0.658487,0.024045,0.001557,0.138843,0.137297,0.037937
video_1.mp4,EVT-TRK-EXP-001-video_1-TRK-001,TRK-001,241,4.82,full_frame,phone_use_non_call,0.966916,,0.000415,0.006722,0.966916,0.003163,0.019701,0.001844,0.00124
video_1.mp4,EVT-TRK-EXP-001-video_1-TRK-001,TRK-001,241,4.82,target_vehicle,phone_use_non_call,0.696364,"[0, 846, 1684, 2132]",0.000205,0.003913,0.696364,0.003055,0.279449,0.013188,0.003827
video_1.mp4,EVT-TRK-EXP-001-video_1-TRK-001,TRK-001,241,4.82,cabin_candidate,arkaya_bakma_candidate,0.979866,"[84, 949, 1263, 1566]",6e-06,0.007949,0.00049,0.000142,0.979866,0.011182,0.000365
video_1.mp4,EVT-TRK-EXP-001-video_1-TRK-001,TRK-001,251,5.02,full_frame,phone_use_non_call,0.625597,,0.001768,0.017779,0.625597,0.012317,0.333328,0.006003,0.003208
video_1.mp4,EVT-TRK-EXP-001-video_1-TRK-001,TRK-001,251,5.02,target_vehicle,arkaya_bakma_candidate,0.902802,"[0, 846, 1684, 2132]",0.000233,0.006698,0.08568,0.001463,0.902802,0.00271,0.000414
video_1.mp4,EVT-TRK-EXP-001-video_1-TRK-001,TRK-001,251,5.02,cabin_candidate,arkaya_bakma_candidate,0.998886,"[84, 949, 1263, 1566]",1.9e-05,0.00024,0.000264,0.00015,0.998886,0.000418,2.4e-05
video_1.mp4,EVT-TRK-EXP-001-video_1-TRK-001,TRK-001,261,5.22,full_frame,arkaya_bakma_candidate,0.918067,,0.002151,0.02354,0.046483,0.005106,0.918067,0.002977,0.001676
video_1.mp4,EVT-TRK-EXP-001-video_1-TRK-001,TRK-001,261,5.22,target_vehicle,arkaya_bakma_candidate,0.9466,"[0, 846, 1684, 2132]",0.001214,0.016826,0.02585,0.001857,0.9466,0.005401,0.002253
video_1.mp4,EVT-TRK-EXP-001-video_1-TRK-001,TRK-001,261,5.22,cabin_candidate,arkaya_bakma_candidate,0.997381,"[84, 949, 1263, 1566]",5.3e-05,0.001036,0.000963,0.000158,0.997381,0.000266,0.000142
video_1.mp4,EVT-TRK-EXP-001-video_1-TRK-001,TRK-001,271,5.42,full_frame,arkaya_bakma_candidate,0.852234,,0.023455,0.029844,0.043756,0.024493,0.852234,0.012357,0.01386
video_1.mp4,EVT-TRK-EXP-001-video_1-TRK-001,TRK-001,271,5.42,target_vehicle,arkaya_bakma_candidate,0.906187,"[0, 846, 1684, 2132]",0.027361,0.008692,0.001678,0.001601,0.906187,0.023586,0.030896
video_1.mp4,EVT-TRK-EXP-001-video_1-TRK-001,TRK-001,271,5.42,cabin_candidate,arkaya_bakma_candidate,0.908873,"[84, 949, 1263, 1566]",0.013569,0.051195,0.006547,0.005769,0.908873,0.007977,0.00607
video_1.mp4,EVT-TRK-EXP-001-video_1-TRK-001,TRK-001,281,5.62,full_frame,arkaya_bakma_candidate,0.564487,,0.055774,0.059188,0.156987,0.082723,0.564487,0.030528,0.050315
video_1.mp4,EVT-TRK-EXP-001-video_1-TRK-001,TRK-001,281,5.62,target_vehicle,arkaya_bakma_candidate,0.691386,"[0, 846, 1684, 2132]",0.024842,0.059253,0.016001,0.019086,0.691386,0.043841,0.145591
video_1.mp4,EVT-TRK-EXP-001-video_1-TRK-001,TRK-001,281,5.62,cabin_candidate,arkaya_bakma_candidate,0.884498,"[84, 949, 1263, 1566]",0.017514,0.038637,0.021631,0.009879,0.884498,0.017078,0.010764
video_1.mp4,EVT-TRK-EXP-001-video_1-TRK-001,TRK-001,291,5.82,full_frame,arkaya_bakma_candidate,0.8319,,0.018173,0.029936,0.056808,0.03642,0.8319,0.011282,0.015481
video_1.mp4,EVT-TRK-EXP-001-video_1-TRK-001,TRK-001,291,5.82,target_vehicle,arkaya_bakma_candidate,0.885927,"[0, 846, 1684, 2132]",0.016483,0.012343,0.021015,0.008843,0.885927,0.038899,0.016492
video_1.mp4,EVT-TRK-EXP-001-video_1-TRK-001,TRK-001,291,5.82,cabin_candidate,arkaya_bakma_candidate,0.925959,"[84, 949, 1263, 1566]",0.005643,0.009685,0.012754,0.007278,0.925959,0.021877,0.016805
video_1.mp4,EVT-TRK-EXP-001-video_1-TRK-001,TRK-001,301,6.02,full_frame,arkaya_bakma_candidate,0.819968,,0.019692,0.026969,0.052386,0.053788,0.819968,0.009525,0.017671
video_1.mp4,EVT-TRK-EXP-001-video_1-TRK-001,TRK-001,301,6.02,target_vehicle,arkaya_bakma_candidate,0.770646,"[0, 846, 1684, 2132]",0.076911,0.021903,0.025129,0.01665,0.770646,0.046798,0.041963
video_1.mp4,EVT-TRK-EXP-001-video_1-TRK-001,TRK-001,301,6.02,cabin_candidate,arkaya_bakma_candidate,0.354398,"[84, 949, 1263, 1566]",0.113264,0.206396,0.065307,0.071501,0.354398,0.113489,0.075646
video_1.mp4,EVT-TRK-EXP-001-video_1-TRK-001,TRK-001,311,6.22,full_frame,arkaya_bakma_candidate,0.809514,,0.023283,0.026308,0.057451,0.051247,0.809514,0.012462,0.019736
video_1.mp4,EVT-TRK-EXP-001-video_1-TRK-001,TRK-001,311,6.22,target_vehicle,arkaya_bakma_candidate,0.708659,"[0, 846, 1684, 2132]",0.117397,0.01933,0.026692,0.03407,0.708659,0.037127,0.056727
video_1.mp4,EVT-TRK-EXP-001-video_1-TRK-001,TRK-001,311,6.22,cabin_candidate,arkaya_bakma_candidate,0.847144,"[84, 949, 1263, 1566]",0.020005,0.066953,0.017163,0.014132,0.847144,0.017575,0.017028
video_1.mp4,EVT-TRK-EXP-001-video_1-TRK-001,TRK-001,321,6.42,full_frame,arkaya_bakma_candidate,0.85188,,0.019116,0.018062,0.044903,0.039037,0.85188,0.010452,0.016551
video_1.mp4,EVT-TRK-EXP-001-video_1-TRK-001,TRK-001,321,6.42,target_vehicle,arkaya_bakma_candidate,0.905595,"[0, 846, 1684, 2132]",0.024877,0.00674,0.018769,0.025705,0.905595,0.005771,0.012544
video_1.mp4,EVT-TRK-EXP-001-video_1-TRK-001,TRK-001,321,6.42,cabin_candidate,safe_or_no_event,0.183781,"[84, 949, 1263, 1566]",0.183781,0.174633,0.149428,0.055648,0.140931,0.180066,0.115513
video_1.mp4,EVT-TRK-EXP-001-video_1-TRK-001,TRK-001,331,6.62,full_frame,arkaya_bakma_candidate,0.762511,,0.029984,0.033321,0.093453,0.034309,0.762511,0.017155,0.029267
video_1.mp4,EVT-TRK-EXP-001-video_1-TRK-001,TRK-001,331,6.62,target_vehicle,arkaya_bakma_candidate,0.918565,"[0, 846, 1684, 2132]",0.016028,0.011297,0.022673,0.009688,0.918565,0.006575,0.015175
video_1.mp4,EVT-TRK-EXP-001-video_1-TRK-001,TRK-001,331,6.62,cabin_candidate,passenger_interaction_candidate,0.327187,"[84, 949, 1263, 1566]",0.080316,0.083131,0.140598,0.030565,0.241049,0.327187,0.097155
video_1.mp4,EVT-TRK-EXP-001-video_1-TRK-001,TRK-001,341,6.82,full_frame,arkaya_bakma_candidate,0.828878,,0.011289,0.02321,0.06405,0.04465,0.828878,0.01287,0.015053
video_1.mp4,EVT-TRK-EXP-001-video_1-TRK-001,TRK-001,341,6.82,target_vehicle,arkaya_bakma_candidate,0.495212,"[0, 846, 1684, 2132]",0.153494,0.02418,0.111146,0.020635,0.495212,0.133457,0.061876
video_1.mp4,EVT-TRK-EXP-001-video_1-TRK-001,TRK-001,341,6.82,cabin_candidate,passenger_interaction_candidate,0.246333,"[84, 949, 1263, 1566]",0.238315,0.058331,0.200718,0.062244,0.07023,0.246333,0.12383
video_2.mp4,EVT-TRK-EXP-001-video_2-TRK-001,TRK-001,1,0.02,full_frame,arkaya_bakma_candidate,0.668904,,0.007918,0.051527,0.137449,0.098651,0.668904,0.008939,0.026612
video_2.mp4,EVT-TRK-EXP-001-video_2-TRK-001,TRK-001,1,0.02,target_vehicle,passenger_interaction_candidate,0.440224,"[0, 916, 1808, 2137]",0.079046,0.021672,0.054174,0.029614,0.139517,0.440224,0.235752
video_2.mp4,EVT-TRK-EXP-001-video_2-TRK-001,TRK-001,1,0.02,cabin_candidate,passenger_interaction_candidate,0.262912,"[90, 1014, 1356, 1600]",0.173448,0.052886,0.175164,0.065331,0.124398,0.262912,0.145862
video_2.mp4,EVT-TRK-EXP-001-video_2-TRK-001,TRK-001,11,0.22,full_frame,arkaya_bakma_candidate,0.702955,,0.008157,0.046868,0.12342,0.080711,0.702955,0.008891,0.028998
video_2.mp4,EVT-TRK-EXP-001-video_2-TRK-001,TRK-001,11,0.22,target_vehicle,passenger_interaction_candidate,0.431799,"[0, 916, 1808, 2137]",0.073303,0.021718,0.053089,0.024942,0.193544,0.431799,0.201605
video_2.mp4,EVT-TRK-EXP-001-video_2-TRK-001,TRK-001,11,0.22,cabin_candidate,passenger_interaction_candidate,0.282662,"[90, 1014, 1356, 1600]",0.167772,0.043602,0.185804,0.059849,0.121136,0.282662,0.139176
video_2.mp4,EVT-TRK-EXP-001-video_2-TRK-001,TRK-001,21,0.42,full_frame,arkaya_bakma_candidate,0.614124,,0.009718,0.066417,0.184884,0.082952,0.614124,0.010921,0.030985
video_2.mp4,EVT-TRK-EXP-001-video_2-TRK-001,TRK-001,21,0.42,target_vehicle,passenger_interaction_candidate,0.430085,"[0, 916, 1808, 2137]",0.073004,0.020654,0.05316,0.024031,0.195141,0.430085,0.203925
video_2.mp4,EVT-TRK-EXP-001-video_2-TRK-001,TRK-001,21,0.42,cabin_candidate,passenger_interaction_candidate,0.262407,"[90, 1014, 1356, 1600]",0.157154,0.046858,0.195389,0.069482,0.126944,0.262407,0.141767
video_2.mp4,EVT-TRK-EXP-001-video_2-TRK-001,TRK-001,31,0.62,full_frame,arkaya_bakma_candidate,0.68528,,0.00612,0.056441,0.159438,0.062147,0.68528,0.008642,0.021932
video_2.mp4,EVT-TRK-EXP-001-video_2-TRK-001,TRK-001,31,0.62,target_vehicle,passenger_interaction_candidate,0.419437,"[0, 916, 1808, 2137]",0.054711,0.020447,0.051769,0.022606,0.221115,0.419437,0.209915
video_2.mp4,EVT-TRK-EXP-001-video_2-TRK-001,TRK-001,31,0.62,cabin_candidate,passenger_interaction_candidate,0.255476,"[90, 1014, 1356, 1600]",0.164018,0.047065,0.192099,0.06825,0.125753,0.255476,0.147339
video_2.mp4,EVT-TRK-EXP-001-video_2-TRK-001,TRK-001,41,0.82,full_frame,arkaya_bakma_candidate,0.649363,,0.005467,0.083825,0.170748,0.057919,0.649363,0.007975,0.024704
video_2.mp4,EVT-TRK-EXP-001-video_2-TRK-001,TRK-001,41,0.82,target_vehicle,passenger_interaction_candidate,0.429622,"[0, 916, 1808, 2137]",0.067877,0.018949,0.051795,0.01932,0.21667,0.429622,0.195766
video_2.mp4,EVT-TRK-EXP-001-video_2-TRK-001,TRK-001,41,0.82,cabin_candidate,passenger_interaction_candidate,0.273607,"[90, 1014, 1356, 1600]",0.165782,0.043274,0.190384,0.064859,0.116179,0.273607,0.145914
video_2.mp4,EVT-TRK-EXP-001-video_2-TRK-001,TRK-001,51,1.02,full_frame,arkaya_bakma_candidate,0.591135,,0.007401,0.068226,0.218151,0.067286,0.591135,0.011125,0.036675
video_2.mp4,EVT-TRK-EXP-001-video_2-TRK-001,TRK-001,51,1.02,target_vehicle,passenger_interaction_candidate,0.440963,"[0, 916, 1808, 2137]",0.079553,0.018523,0.047676,0.017589,0.191882,0.440963,0.203814
video_2.mp4,EVT-TRK-EXP-001-video_2-TRK-001,TRK-001,51,1.02,cabin_candidate,passenger_interaction_candidate,0.265696,"[90, 1014, 1356, 1600]",0.151841,0.041491,0.193757,0.059881,0.13665,0.265696,0.150684
video_2.mp4,EVT-TRK-EXP-001-video_2-TRK-001,TRK-001,61,1.22,full_frame,arkaya_bakma_candidate,0.66952,,0.006967,0.070398,0.160224,0.061205,0.66952,0.008054,0.023633
video_2.mp4,EVT-TRK-EXP-001-video_2-TRK-001,TRK-001,61,1.22,target_vehicle,passenger_interaction_candidate,0.46219,"[0, 916, 1808, 2137]",0.089341,0.017629,0.044632,0.016194,0.17845,0.46219,0.191565
video_2.mp4,EVT-TRK-EXP-001-video_2-TRK-001,TRK-001,61,1.22,cabin_candidate,passenger_interaction_candidate,0.260111,"[90, 1014, 1356, 1600]",0.155421,0.044163,0.191519,0.067384,0.123463,0.260111,0.15794
video_2.mp4,EVT-TRK-EXP-001-video_2-TRK-001,TRK-001,71,1.42,full_frame,arkaya_bakma_candidate,0.670893,,0.007471,0.075937,0.168361,0.040978,0.670893,0.010488,0.025872
video_2.mp4,EVT-TRK-EXP-001-video_2-TRK-001,TRK-001,71,1.42,target_vehicle,passenger_interaction_candidate,0.498165,"[0, 916, 1808, 2137]",0.078027,0.012093,0.022446,0.008807,0.088968,0.498165,0.291494
video_2.mp4,EVT-TRK-EXP-001-video_2-TRK-001,TRK-001,71,1.42,cabin_candidate,passenger_interaction_candidate,0.25672,"[90, 1014, 1356, 1600]",0.152806,0.045426,0.200515,0.070691,0.117575,0.25672,0.156266
video_2.mp4,EVT-TRK-EXP-001-video_2-TRK-001,TRK-001,81,1.62,full_frame,arkaya_bakma_candidate,0.741267,,0.005426,0.075538,0.112713,0.031369,0.741267,0.009467,0.024221
video_2.mp4,EVT-TRK-EXP-001-video_2-TRK-001,TRK-001,81,1.62,target_vehicle,passenger_interaction_candidate,0.489368,"[0, 916, 1808, 2137]",0.050077,0.009767,0.010564,0.005458,0.037449,0.489368,0.397316
video_2.mp4,EVT-TRK-EXP-001-video_2-TRK-001,TRK-001,81,1.62,cabin_candidate,passenger_interaction_candidate,0.258281,"[90, 1014, 1356, 1600]",0.155653,0.044672,0.207124,0.065523,0.108058,0.258281,0.160689
video_2.mp4,EVT-TRK-EXP-001-video_2-TRK-001,TRK-001,91,1.82,full_frame,arkaya_bakma_candidate,0.848458,,0.004847,0.04803,0.055261,0.019632,0.848458,0.007762,0.016011
video_2.mp4,EVT-TRK-EXP-001-video_2-TRK-001,TRK-001,91,1.82,target_vehicle,passenger_interaction_candidate,0.541664,"[0, 916, 1808, 2137]",0.064427,0.011571,0.012964,0.006352,0.076969,0.541664,0.286054
video_2.mp4,EVT-TRK-EXP-001-video_2-TRK-001,TRK-001,91,1.82,cabin_candidate,passenger_interaction_candidate,0.290343,"[90, 1014, 1356, 1600]",0.138995,0.042656,0.200166,0.068215,0.100419,0.290343,0.159206
video_2.mp4,EVT-TRK-EXP-001-video_2-TRK-001,TRK-001,101,2.02,full_frame,arkaya_bakma_candidate,0.821552,,0.004066,0.065758,0.034695,0.031971,0.821552,0.008817,0.033141
video_2.mp4,EVT-TRK-EXP-001-video_2-TRK-001,TRK-001,101,2.02,target_vehicle,other_distraction_hard_negative,0.420741,"[0, 916, 1808, 2137]",0.111528,0.020727,0.022676,0.015555,0.07982,0.328954,0.420741
video_2.mp4,EVT-TRK-EXP-001-video_2-TRK-001,TRK-001,101,2.02,cabin_candidate,passenger_interaction_candidate,0.294689,"[90, 1014, 1356, 1600]",0.152365,0.043906,0.181903,0.058298,0.105591,0.294689,0.163247
video_2.mp4,EVT-TRK-EXP-001-video_2-TRK-001,TRK-001,111,2.22,full_frame,arkaya_bakma_candidate,0.939306,,0.001464,0.021188,0.021402,0.005021,0.939306,0.003267,0.008351
video_2.mp4,EVT-TRK-EXP-001-video_2-TRK-001,TRK-001,111,2.22,target_vehicle,other_distraction_hard_negative,0.645607,"[0, 916, 1808, 2137]",0.086549,0.028552,0.016591,0.019367,0.07144,0.131894,0.645607
video_2.mp4,EVT-TRK-EXP-001-video_2-TRK-001,TRK-001,111,2.22,cabin_candidate,passenger_interaction_candidate,0.265375,"[90, 1014, 1356, 1600]",0.241943,0.044652,0.121355,0.064385,0.089374,0.265375,0.172915
video_2.mp4,EVT-TRK-EXP-001-video_2-TRK-001,TRK-001,121,2.42,full_frame,arkaya_bakma_candidate,0.859569,,0.004702,0.034339,0.048965,0.007046,0.859569,0.014579,0.030801
video_2.mp4,EVT-TRK-EXP-001-video_2-TRK-001,TRK-001,121,2.42,target_vehicle,other_distraction_hard_negative,0.712834,"[0, 916, 1808, 2137]",0.114643,0.03438,0.01218,0.010876,0.034141,0.080946,0.712834
video_2.mp4,EVT-TRK-EXP-001-video_2-TRK-001,TRK-001,121,2.42,cabin_candidate,safe_or_no_event,0.441382,"[90, 1014, 1356, 1600]",0.441382,0.035257,0.11231,0.043977,0.057136,0.161273,0.148664
video_2.mp4,EVT-TRK-EXP-001-video_2-TRK-001,TRK-001,131,2.62,full_frame,arkaya_bakma_candidate,0.829391,,0.00747,0.029538,0.060657,0.012622,0.829391,0.013236,0.047086
video_2.mp4,EVT-TRK-EXP-001-video_2-TRK-001,TRK-001,131,2.62,target_vehicle,other_distraction_hard_negative,0.446471,"[0, 916, 1808, 2137]",0.255709,0.062829,0.03199,0.025764,0.118558,0.058679,0.446471
video_2.mp4,EVT-TRK-EXP-001-video_2-TRK-001,TRK-001,131,2.62,cabin_candidate,safe_or_no_event,0.641416,"[90, 1014, 1356, 1600]",0.641416,0.025873,0.019921,0.00555,0.115197,0.109323,0.082721
video_2.mp4,EVT-TRK-EXP-001-video_2-TRK-001,TRK-001,141,2.82,full_frame,arkaya_bakma_candidate,0.780989,,0.010707,0.047205,0.070858,0.015273,0.780989,0.02107,0.053897
video_2.mp4,EVT-TRK-EXP-001-video_2-TRK-001,TRK-001,141,2.82,target_vehicle,other_distraction_hard_negative,0.527436,"[0, 916, 1808, 2137]",0.198699,0.03174,0.022635,0.013225,0.131109,0.075156,0.527436
video_2.mp4,EVT-TRK-EXP-001-video_2-TRK-001,TRK-001,141,2.82,cabin_candidate,passenger_interaction_candidate,0.359062,"[90, 1014, 1356, 1600]",0.308238,0.010888,0.022907,0.003369,0.25328,0.359062,0.042256
video_2.mp4,EVT-TRK-EXP-001-video_2-TRK-001,TRK-001,151,3.02,full_frame,arkaya_bakma_candidate,0.453339,,0.010548,0.017868,0.341689,0.007431,0.453339,0.047839,0.121286
video_2.mp4,EVT-TRK-EXP-001-video_2-TRK-001,TRK-001,151,3.02,target_vehicle,other_distraction_hard_negative,0.677462,"[0, 916, 1808, 2137]",0.085633,0.032031,0.016057,0.016863,0.145203,0.026751,0.677462
video_2.mp4,EVT-TRK-EXP-001-video_2-TRK-001,TRK-001,151,3.02,cabin_candidate,arkaya_bakma_candidate,0.681605,"[90, 1014, 1356, 1600]",0.0638,0.033083,0.010133,0.002975,0.681605,0.201151,0.007253
video_2.mp4,EVT-TRK-EXP-001-video_2-TRK-001,TRK-001,161,3.22,full_frame,arkaya_bakma_candidate,0.64281,,0.014729,0.014354,0.101957,0.00989,0.64281,0.073866,0.142394
video_2.mp4,EVT-TRK-EXP-001-video_2-TRK-001,TRK-001,161,3.22,target_vehicle,other_distraction_hard_negative,0.342134,"[0, 916, 1808, 2137]",0.107706,0.045601,0.017101,0.032548,0.339674,0.115235,0.342134
video_2.mp4,EVT-TRK-EXP-001-video_2-TRK-001,TRK-001,161,3.22,cabin_candidate,arkaya_bakma_candidate,0.957463,"[90, 1014, 1356, 1600]",0.000983,0.002996,0.013666,0.000746,0.957463,0.023263,0.000884
video_2.mp4,EVT-TRK-EXP-001-video_2-TRK-001,TRK-001,171,3.42,full_frame,arkaya_bakma_candidate,0.538106,,0.010531,0.008179,0.365233,0.007411,0.538106,0.021459,0.049082
video_2.mp4,EVT-TRK-EXP-001-video_2-TRK-001,TRK-001,171,3.42,target_vehicle,arkaya_bakma_candidate,0.347535,"[0, 916, 1808, 2137]",0.06374,0.075894,0.038332,0.055308,0.347535,0.079721,0.33947
video_2.mp4,EVT-TRK-EXP-001-video_2-TRK-001,TRK-001,171,3.42,cabin_candidate,arkaya_bakma_candidate,0.552625,"[90, 1014, 1356, 1600]",0.016729,0.056114,0.116325,0.02058,0.552625,0.204758,0.032869
video_2.mp4,EVT-TRK-EXP-001-video_2-TRK-001,TRK-001,181,3.62,full_frame,arkaya_bakma_candidate,0.590461,,0.024115,0.007393,0.339718,0.003669,0.590461,0.019524,0.01512
video_2.mp4,EVT-TRK-EXP-001-video_2-TRK-001,TRK-001,181,3.62,target_vehicle,arkaya_bakma_candidate,0.427581,"[0, 916, 1808, 2137]",0.279302,0.011112,0.02788,0.011147,0.427581,0.071887,0.171091
video_2.mp4,EVT-TRK-EXP-001-video_2-TRK-001,TRK-001,181,3.62,cabin_candidate,arkaya_bakma_candidate,0.510824,"[90, 1014, 1356, 1600]",0.030727,0.034154,0.095913,0.014041,0.510824,0.265699,0.048642
video_2.mp4,EVT-TRK-EXP-001-video_2-TRK-001,TRK-001,191,3.82,full_frame,phone_use_non_call,0.648513,,0.032341,0.010332,0.648513,0.007286,0.247194,0.040949,0.013384
video_2.mp4,EVT-TRK-EXP-001-video_2-TRK-001,TRK-001,191,3.82,target_vehicle,safe_or_no_event,0.449919,"[0, 916, 1808, 2137]",0.449919,0.025092,0.065044,0.013304,0.220603,0.104733,0.121306
video_2.mp4,EVT-TRK-EXP-001-video_2-TRK-001,TRK-001,191,3.82,cabin_candidate,telefonla_konusma,0.21686,"[90, 1014, 1356, 1600]",0.112824,0.21686,0.110041,0.168019,0.209583,0.098476,0.084198
video_2.mp4,EVT-TRK-EXP-001-video_2-TRK-001,TRK-001,201,4.02,full_frame,phone_use_non_call,0.870059,,0.013188,0.013903,0.870059,0.007361,0.080352,0.012374,0.002764
video_2.mp4,EVT-TRK-EXP-001-video_2-TRK-001,TRK-001,201,4.02,target_vehicle,phone_use_non_call,0.58708,"[0, 916, 1808, 2137]",0.013065,0.016163,0.58708,0.016487,0.132203,0.144535,0.090467
video_2.mp4,EVT-TRK-EXP-001-video_2-TRK-001,TRK-001,201,4.02,cabin_candidate,arkaya_bakma_candidate,0.37328,"[90, 1014, 1356, 1600]",0.017653,0.108626,0.283769,0.174412,0.37328,0.020827,0.021432
video_2.mp4,EVT-TRK-EXP-001-video_2-TRK-001,TRK-001,211,4.22,full_frame,phone_use_non_call,0.911642,,0.009013,0.014928,0.911642,0.006452,0.052974,0.003394,0.001598
video_2.mp4,EVT-TRK-EXP-001-video_2-TRK-001,TRK-001,211,4.22,target_vehicle,phone_use_non_call,0.68293,"[0, 916, 1808, 2137]",0.004612,0.012101,0.68293,0.015944,0.150748,0.120275,0.01339
video_2.mp4,EVT-TRK-EXP-001-video_2-TRK-001,TRK-001,211,4.22,cabin_candidate,passenger_interaction_candidate,0.394081,"[90, 1014, 1356, 1600]",0.030032,0.071258,0.085894,0.084774,0.305028,0.394081,0.028932
video_2.mp4,EVT-TRK-EXP-001-video_2-TRK-001,TRK-001,221,4.42,full_frame,phone_use_non_call,0.756459,,0.023397,0.034515,0.756459,0.014231,0.133472,0.029696,0.00823
video_2.mp4,EVT-TRK-EXP-001-video_2-TRK-001,TRK-001,221,4.42,target_vehicle,passenger_interaction_candidate,0.55565,"[0, 916, 1808, 2137]",0.003941,0.035174,0.180492,0.011654,0.192977,0.55565,0.020111
video_2.mp4,EVT-TRK-EXP-001-video_2-TRK-001,TRK-001,221,4.42,cabin_candidate,arkaya_bakma_candidate,0.488589,"[90, 1014, 1356, 1600]",0.035161,0.112897,0.073087,0.020977,0.488589,0.232237,0.037052
video_2.mp4,EVT-TRK-EXP-001-video_2-TRK-001,TRK-001,231,4.62,full_frame,phone_use_non_call,0.67726,,0.017211,0.047913,0.67726,0.026851,0.211341,0.009333,0.010092
video_2.mp4,EVT-TRK-EXP-001-video_2-TRK-001,TRK-001,231,4.62,target_vehicle,phone_use_non_call,0.657391,"[0, 916, 1808, 2137]",0.003414,0.026997,0.657391,0.015413,0.261554,0.015895,0.019337
video_2.mp4,EVT-TRK-EXP-001-video_2-TRK-001,TRK-001,231,4.62,cabin_candidate,arkaya_bakma_candidate,0.691192,"[90, 1014, 1356, 1600]",0.025445,0.061994,0.052396,0.029968,0.691192,0.093181,0.045825
video_2.mp4,EVT-TRK-EXP-001-video_2-TRK-001,TRK-001,241,4.82,full_frame,phone_use_non_call,0.520672,,0.003577,0.076844,0.520672,0.02771,0.360581,0.002655,0.007961
video_2.mp4,EVT-TRK-EXP-001-video_2-TRK-001,TRK-001,241,4.82,target_vehicle,arkaya_bakma_candidate,0.946585,"[0, 916, 1808, 2137]",0.001559,0.007267,0.029755,0.007416,0.946585,0.001769,0.00565
video_2.mp4,EVT-TRK-EXP-001-video_2-TRK-001,TRK-001,241,4.82,cabin_candidate,arkaya_bakma_candidate,0.820583,"[90, 1014, 1356, 1600]",0.014303,0.041679,0.0529,0.009157,0.820583,0.009193,0.052184
video_2.mp4,EVT-TRK-EXP-001-video_2-TRK-001,TRK-001,251,5.02,full_frame,arkaya_bakma_candidate,0.88002,,0.005133,0.038314,0.051501,0.0154,0.88002,0.003222,0.006411
video_2.mp4,EVT-TRK-EXP-001-video_2-TRK-001,TRK-001,251,5.02,target_vehicle,arkaya_bakma_candidate,0.971637,"[0, 916, 1808, 2137]",0.001065,0.008559,0.011216,0.002718,0.971637,0.003237,0.001568
video_2.mp4,EVT-TRK-EXP-001-video_2-TRK-001,TRK-001,251,5.02,cabin_candidate,arkaya_bakma_candidate,0.997672,"[90, 1014, 1356, 1600]",6.5e-05,0.000438,0.001443,5.7e-05,0.997672,0.000252,7.4e-05
video_2.mp4,EVT-TRK-EXP-001-video_2-TRK-001,TRK-001,261,5.22,full_frame,arkaya_bakma_candidate,0.947342,,0.001758,0.011265,0.031044,0.00547,0.947342,0.001396,0.001725
video_2.mp4,EVT-TRK-EXP-001-video_2-TRK-001,TRK-001,261,5.22,target_vehicle,arkaya_bakma_candidate,0.992895,"[0, 916, 1808, 2137]",0.000266,0.001967,0.002455,0.00082,0.992895,0.001381,0.000215
video_2.mp4,EVT-TRK-EXP-001-video_2-TRK-001,TRK-001,261,5.22,cabin_candidate,arkaya_bakma_candidate,0.999853,"[90, 1014, 1356, 1600]",5e-06,2.7e-05,8.1e-05,7e-06,0.999853,2.4e-05,3e-06
video_2.mp4,EVT-TRK-EXP-001-video_2-TRK-001,TRK-001,271,5.42,full_frame,arkaya_bakma_candidate,0.950742,,0.00149,0.008888,0.026827,0.005689,0.950742,0.004766,0.001598
video_2.mp4,EVT-TRK-EXP-001-video_2-TRK-001,TRK-001,271,5.42,target_vehicle,arkaya_bakma_candidate,0.998881,"[0, 916, 1808, 2137]",2.3e-05,0.000247,0.000411,0.000132,0.998881,0.000283,2.3e-05
video_2.mp4,EVT-TRK-EXP-001-video_2-TRK-001,TRK-001,271,5.42,cabin_candidate,arkaya_bakma_candidate,0.999414,"[90, 1014, 1356, 1600]",3.3e-05,0.000134,0.000266,5.2e-05,0.999414,9e-05,1.2e-05
video_2.mp4,EVT-TRK-EXP-001-video_2-TRK-001,TRK-001,281,5.62,full_frame,arkaya_bakma_candidate,0.922879,,0.004326,0.013835,0.034599,0.013744,0.922879,0.005742,0.004874
video_2.mp4,EVT-TRK-EXP-001-video_2-TRK-001,TRK-001,281,5.62,target_vehicle,arkaya_bakma_candidate,0.960991,"[0, 916, 1808, 2137]",0.002034,0.007459,0.008836,0.003707,0.960991,0.014598,0.002376
video_2.mp4,EVT-TRK-EXP-001-video_2-TRK-001,TRK-001,281,5.62,cabin_candidate,arkaya_bakma_candidate,0.967575,"[90, 1014, 1356, 1600]",0.001936,0.00473,0.007689,0.003408,0.967575,0.007949,0.006713
video_2.mp4,EVT-TRK-EXP-001-video_2-TRK-001,TRK-001,291,5.82,full_frame,arkaya_bakma_candidate,0.893159,,0.011709,0.018785,0.03361,0.023176,0.893159,0.008511,0.011051
video_2.mp4,EVT-TRK-EXP-001-video_2-TRK-001,TRK-001,291,5.82,target_vehicle,arkaya_bakma_candidate,0.972256,"[0, 916, 1808, 2137]",0.003223,0.003098,0.004792,0.001982,0.972256,0.011937,0.002711
video_2.mp4,EVT-TRK-EXP-001-video_2-TRK-001,TRK-001,291,5.82,cabin_candidate,arkaya_bakma_candidate,0.994666,"[90, 1014, 1356, 1600]",0.000266,0.000663,0.001735,0.000374,0.994666,0.00113,0.001166
video_2.mp4,EVT-TRK-EXP-001-video_2-TRK-001,TRK-001,301,6.02,full_frame,arkaya_bakma_candidate,0.869271,,0.017219,0.018392,0.041704,0.03097,0.869271,0.007845,0.0146
video_2.mp4,EVT-TRK-EXP-001-video_2-TRK-001,TRK-001,301,6.02,target_vehicle,arkaya_bakma_candidate,0.967161,"[0, 916, 1808, 2137]",0.00445,0.003272,0.004293,0.003735,0.967161,0.009775,0.007315
video_2.mp4,EVT-TRK-EXP-001-video_2-TRK-001,TRK-001,301,6.02,cabin_candidate,arkaya_bakma_candidate,0.452885,"[90, 1014, 1356, 1600]",0.100486,0.14558,0.062345,0.056891,0.452885,0.123312,0.058501
video_2.mp4,EVT-TRK-EXP-001-video_2-TRK-001,TRK-001,311,6.22,full_frame,arkaya_bakma_candidate,0.852412,,0.023157,0.019703,0.048466,0.032572,0.852412,0.008168,0.015522
video_2.mp4,EVT-TRK-EXP-001-video_2-TRK-001,TRK-001,311,6.22,target_vehicle,arkaya_bakma_candidate,0.952998,"[0, 916, 1808, 2137]",0.008856,0.005521,0.006258,0.006203,0.952998,0.011486,0.008678
video_2.mp4,EVT-TRK-EXP-001-video_2-TRK-001,TRK-001,311,6.22,cabin_candidate,arkaya_bakma_candidate,0.349839,"[90, 1014, 1356, 1600]",0.076542,0.204781,0.099405,0.052951,0.349839,0.128073,0.088408
video_2.mp4,EVT-TRK-EXP-001-video_2-TRK-001,TRK-001,321,6.42,full_frame,arkaya_bakma_candidate,0.833052,,0.023172,0.019988,0.058088,0.033994,0.833052,0.012419,0.019287
video_2.mp4,EVT-TRK-EXP-001-video_2-TRK-001,TRK-001,321,6.42,target_vehicle,arkaya_bakma_candidate,0.921351,"[0, 916, 1808, 2137]",0.020287,0.010011,0.011898,0.003348,0.921351,0.017992,0.015113
video_2.mp4,EVT-TRK-EXP-001-video_2-TRK-001,TRK-001,321,6.42,cabin_candidate,passenger_interaction_candidate,0.238874,"[90, 1014, 1356, 1600]",0.21255,0.090471,0.108959,0.05398,0.103273,0.238874,0.191893
video_2.mp4,EVT-TRK-EXP-001-video_2-TRK-001,TRK-001,331,6.62,full_frame,arkaya_bakma_candidate,0.794536,,0.02245,0.032169,0.070605,0.042341,0.794536,0.012698,0.0252
video_2.mp4,EVT-TRK-EXP-001-video_2-TRK-001,TRK-001,331,6.62,target_vehicle,arkaya_bakma_candidate,0.334077,"[0, 916, 1808, 2137]",0.116034,0.107251,0.129652,0.031916,0.334077,0.103916,0.177154
video_2.mp4,EVT-TRK-EXP-001-video_2-TRK-001,TRK-001,331,6.62,cabin_candidate,passenger_interaction_candidate,0.230428,"[90, 1014, 1356, 1600]",0.093489,0.128048,0.188624,0.040999,0.180771,0.230428,0.137641
video_2.mp4,EVT-TRK-EXP-001-video_2-TRK-001,TRK-001,341,6.82,full_frame,arkaya_bakma_candidate,0.78217,,0.016294,0.025722,0.086268,0.051195,0.78217,0.016593,0.021758
video_2.mp4,EVT-TRK-EXP-001-video_2-TRK-001,TRK-001,341,6.82,target_vehicle,safe_or_no_event,0.277136,"[0, 916, 1808, 2137]",0.277136,0.064612,0.149501,0.030379,0.152997,0.206192,0.119183
video_2.mp4,EVT-TRK-EXP-001-video_2-TRK-001,TRK-001,341,6.82,cabin_candidate,passenger_interaction_candidate,0.243341,"[90, 1014, 1356, 1600]",0.184237,0.062546,0.169198,0.07943,0.112584,0.243341,0.148664
video_3.mp4,EVT-TRK-EXP-001-video_3-TRK-002,TRK-002,1,0.02,full_frame,phone_use_non_call,0.517589,,0.004229,0.027786,0.517589,0.154746,0.256355,0.011644,0.027651
video_3.mp4,EVT-TRK-EXP-001-video_3-TRK-002,TRK-002,1,0.02,target_vehicle,arkaya_bakma_candidate,0.251891,"[398, 669, 2496, 2144]",0.136161,0.032974,0.085695,0.096327,0.251891,0.248812,0.148139
video_3.mp4,EVT-TRK-EXP-001-video_3-TRK-002,TRK-002,1,0.02,cabin_candidate,arkaya_bakma_candidate,0.236519,"[1237, 787, 2412, 1584]",0.184451,0.044236,0.059789,0.131366,0.236519,0.204033,0.139606
video_3.mp4,EVT-TRK-EXP-001-video_3-TRK-002,TRK-002,11,0.22,full_frame,arkaya_bakma_candidate,0.374431,,0.005109,0.028632,0.242356,0.29989,0.374431,0.013119,0.036462
video_3.mp4,EVT-TRK-EXP-001-video_3-TRK-002,TRK-002,11,0.22,target_vehicle,arkaya_bakma_candidate,0.478831,"[398, 669, 2496, 2144]",0.064116,0.024304,0.057485,0.06592,0.478831,0.221405,0.087939
video_3.mp4,EVT-TRK-EXP-001-video_3-TRK-002,TRK-002,11,0.22,cabin_candidate,arkaya_bakma_candidate,0.276807,"[1237, 787, 2412, 1584]",0.167255,0.037184,0.055505,0.109678,0.276807,0.22231,0.13126
video_3.mp4,EVT-TRK-EXP-001-video_3-TRK-002,TRK-002,21,0.42,full_frame,arkaya_bakma_candidate,0.351623,,0.003918,0.018633,0.241011,0.342848,0.351623,0.010632,0.031336
video_3.mp4,EVT-TRK-EXP-001-video_3-TRK-002,TRK-002,21,0.42,target_vehicle,arkaya_bakma_candidate,0.341161,"[398, 669, 2496, 2144]",0.077053,0.026392,0.065823,0.055239,0.341161,0.29979,0.134543
video_3.mp4,EVT-TRK-EXP-001-video_3-TRK-002,TRK-002,21,0.42,cabin_candidate,arkaya_bakma_candidate,0.374586,"[1237, 787, 2412, 1584]",0.163676,0.02793,0.039604,0.061995,0.374586,0.214401,0.117808
video_3.mp4,EVT-TRK-EXP-001-video_3-TRK-002,TRK-002,31,0.62,full_frame,su_icme,0.355989,,0.003663,0.022566,0.297888,0.355989,0.275869,0.009388,0.034636
video_3.mp4,EVT-TRK-EXP-001-video_3-TRK-002,TRK-002,31,0.62,target_vehicle,arkaya_bakma_candidate,0.346059,"[398, 669, 2496, 2144]",0.094106,0.027617,0.065982,0.065511,0.346059,0.294202,0.106522
video_3.mp4,EVT-TRK-EXP-001-video_3-TRK-002,TRK-002,31,0.62,cabin_candidate,arkaya_bakma_candidate,0.323394,"[1237, 787, 2412, 1584]",0.23973,0.027755,0.038145,0.088292,0.323394,0.177991,0.104692
video_3.mp4,EVT-TRK-EXP-001-video_3-TRK-002,TRK-002,41,0.82,full_frame,phone_use_non_call,0.35553,,0.005377,0.033121,0.35553,0.332241,0.216364,0.015485,0.041881
video_3.mp4,EVT-TRK-EXP-001-video_3-TRK-002,TRK-002,41,0.82,target_vehicle,arkaya_bakma_candidate,0.402597,"[398, 669, 2496, 2144]",0.090795,0.025725,0.062578,0.059103,0.402597,0.257844,0.101358
video_3.mp4,EVT-TRK-EXP-001-video_3-TRK-002,TRK-002,41,0.82,cabin_candidate,arkaya_bakma_candidate,0.305799,"[1237, 787, 2412, 1584]",0.226779,0.032266,0.04497,0.101862,0.305799,0.172591,0.115733
video_3.mp4,EVT-TRK-EXP-001-video_3-TRK-002,TRK-002,51,1.02,full_frame,phone_use_non_call,0.432309,,0.004399,0.029606,0.432309,0.306434,0.175785,0.010923,0.040545
video_3.mp4,EVT-TRK-EXP-001-video_3-TRK-002,TRK-002,51,1.02,target_vehicle,arkaya_bakma_candidate,0.338804,"[398, 669, 2496, 2144]",0.095879,0.028355,0.070012,0.062613,0.338804,0.290811,0.113527
video_3.mp4,EVT-TRK-EXP-001-video_3-TRK-002,TRK-002,51,1.02,cabin_candidate,arkaya_bakma_candidate,0.300039,"[1237, 787, 2412, 1584]",0.205545,0.036831,0.053047,0.114869,0.300039,0.170221,0.119448
video_3.mp4,EVT-TRK-EXP-001-video_3-TRK-002,TRK-002,61,1.22,full_frame,phone_use_non_call,0.607145,,0.003359,0.03588,0.607145,0.193571,0.109019,0.010988,0.040039
video_3.mp4,EVT-TRK-EXP-001-video_3-TRK-002,TRK-002,61,1.22,target_vehicle,arkaya_bakma_candidate,0.351408,"[398, 669, 2496, 2144]",0.080516,0.032118,0.071193,0.069507,0.351408,0.270994,0.124264
video_3.mp4,EVT-TRK-EXP-001-video_3-TRK-002,TRK-002,61,1.22,cabin_candidate,arkaya_bakma_candidate,0.292755,"[1237, 787, 2412, 1584]",0.22586,0.037156,0.058528,0.087767,0.292755,0.175642,0.122292
video_3.mp4,EVT-TRK-EXP-001-video_3-TRK-002,TRK-002,71,1.42,full_frame,phone_use_non_call,0.627578,,0.004287,0.038104,0.627578,0.161332,0.103421,0.014624,0.050655
video_3.mp4,EVT-TRK-EXP-001-video_3-TRK-002,TRK-002,71,1.42,target_vehicle,arkaya_bakma_candidate,0.420823,"[398, 669, 2496, 2144]",0.062399,0.025423,0.061309,0.051756,0.420823,0.245108,0.133182
video_3.mp4,EVT-TRK-EXP-001-video_3-TRK-002,TRK-002,71,1.42,cabin_candidate,arkaya_bakma_candidate,0.258803,"[1237, 787, 2412, 1584]",0.202344,0.052695,0.069114,0.083566,0.258803,0.176406,0.157074
video_3.mp4,EVT-TRK-EXP-001-video_3-TRK-002,TRK-002,81,1.62,full_frame,phone_use_non_call,0.614482,,0.003311,0.06198,0.614482,0.159114,0.092717,0.012063,0.056333
video_3.mp4,EVT-TRK-EXP-001-video_3-TRK-002,TRK-002,81,1.62,target_vehicle,arkaya_bakma_candidate,0.420198,"[398, 669, 2496, 2144]",0.062038,0.023072,0.056083,0.041919,0.420198,0.262787,0.133903
video_3.mp4,EVT-TRK-EXP-001-video_3-TRK-002,TRK-002,81,1.62,cabin_candidate,arkaya_bakma_candidate,0.327648,"[1237, 787, 2412, 1584]",0.155382,0.040537,0.073191,0.06516,0.327648,0.165428,0.172654
video_3.mp4,EVT-TRK-EXP-001-video_3-TRK-002,TRK-002,91,1.82,full_frame,phone_use_non_call,0.599754,,0.004815,0.061802,0.599754,0.162887,0.097895,0.014238,0.05861
video_3.mp4,EVT-TRK-EXP-001-video_3-TRK-002,TRK-002,91,1.82,target_vehicle,arkaya_bakma_candidate,0.442521,"[398, 669, 2496, 2144]",0.056571,0.027069,0.066611,0.050235,0.442521,0.230762,0.126231
video_3.mp4,EVT-TRK-EXP-001-video_3-TRK-002,TRK-002,91,1.82,cabin_candidate,arkaya_bakma_candidate,0.305458,"[1237, 787, 2412, 1584]",0.166705,0.044024,0.084064,0.069706,0.305458,0.175694,0.154349
video_3.mp4,EVT-TRK-EXP-001-video_3-TRK-002,TRK-002,101,2.02,full_frame,phone_use_non_call,0.457387,,0.007129,0.112932,0.457387,0.146652,0.101726,0.019845,0.154329
video_3.mp4,EVT-TRK-EXP-001-video_3-TRK-002,TRK-002,101,2.02,target_vehicle,arkaya_bakma_candidate,0.415883,"[398, 669, 2496, 2144]",0.069502,0.028786,0.072266,0.049139,0.415883,0.23464,0.129784
video_3.mp4,EVT-TRK-EXP-001-video_3-TRK-002,TRK-002,101,2.02,cabin_candidate,arkaya_bakma_candidate,0.405028,"[1237, 787, 2412, 1584]",0.158345,0.052573,0.079698,0.073808,0.405028,0.126817,0.103731
video_3.mp4,EVT-TRK-EXP-001-video_3-TRK-002,TRK-002,111,2.22,full_frame,phone_use_non_call,0.446403,,0.006252,0.103766,0.446403,0.164788,0.104428,0.016797,0.157566
video_3.mp4,EVT-TRK-EXP-001-video_3-TRK-002,TRK-002,111,2.22,target_vehicle,arkaya_bakma_candidate,0.413363,"[398, 669, 2496, 2144]",0.074321,0.024177,0.069027,0.043131,0.413363,0.25553,0.120449
video_3.mp4,EVT-TRK-EXP-001-video_3-TRK-002,TRK-002,111,2.22,cabin_candidate,arkaya_bakma_candidate,0.509917,"[1237, 787, 2412, 1584]",0.10417,0.042539,0.058423,0.077207,0.509917,0.118385,0.089358
video_3.mp4,EVT-TRK-EXP-001-video_3-TRK-002,TRK-002,121,2.42,full_frame,phone_use_non_call,0.631987,,0.004944,0.094443,0.631987,0.090441,0.061606,0.011452,0.105128
video_3.mp4,EVT-TRK-EXP-001-video_3-TRK-002,TRK-002,121,2.42,target_vehicle,arkaya_bakma_candidate,0.42533,"[398, 669, 2496, 2144]",0.070081,0.024744,0.068755,0.040816,0.42533,0.258606,0.111666
video_3.mp4,EVT-TRK-EXP-001-video_3-TRK-002,TRK-002,121,2.42,cabin_candidate,arkaya_bakma_candidate,0.567841,"[1237, 787, 2412, 1584]",0.096103,0.034959,0.04985,0.059344,0.567841,0.117866,0.074038
video_3.mp4,EVT-TRK-EXP-001-video_3-TRK-002,TRK-002,131,2.62,full_frame,phone_use_non_call,0.510643,,0.012912,0.082968,0.510643,0.103846,0.173106,0.024909,0.091617
video_3.mp4,EVT-TRK-EXP-001-video_3-TRK-002,TRK-002,131,2.62,target_vehicle,arkaya_bakma_candidate,0.459211,"[398, 669, 2496, 2144]",0.08964,0.030145,0.078412,0.046451,0.459211,0.179003,0.117138
video_3.mp4,EVT-TRK-EXP-001-video_3-TRK-002,TRK-002,131,2.62,cabin_candidate,arkaya_bakma_candidate,0.517524,"[1237, 787, 2412, 1584]",0.10472,0.048607,0.047544,0.058267,0.517524,0.110175,0.113164
video_3.mp4,EVT-TRK-EXP-001-video_3-TRK-002,TRK-002,141,2.82,full_frame,phone_use_non_call,0.600074,,0.012693,0.066212,0.600074,0.066693,0.161217,0.02159,0.071521
video_3.mp4,EVT-TRK-EXP-001-video_3-TRK-002,TRK-002,141,2.82,target_vehicle,arkaya_bakma_candidate,0.463774,"[398, 669, 2496, 2144]",0.100435,0.026889,0.073274,0.041815,0.463774,0.190359,0.103454
video_3.mp4,EVT-TRK-EXP-001-video_3-TRK-002,TRK-002,141,2.82,cabin_candidate,arkaya_bakma_candidate,0.587824,"[1237, 787, 2412, 1584]",0.10585,0.036512,0.050599,0.051843,0.587824,0.090201,0.077171
video_3.mp4,EVT-TRK-EXP-001-video_3-TRK-002,TRK-002,151,3.02,full_frame,phone_use_non_call,0.433861,,0.013339,0.074467,0.433861,0.042652,0.359452,0.027646,0.048582
video_3.mp4,EVT-TRK-EXP-001-video_3-TRK-002,TRK-002,151,3.02,target_vehicle,arkaya_bakma_candidate,0.421617,"[398, 669, 2496, 2144]",0.080679,0.0442,0.082949,0.051506,0.421617,0.171698,0.147352
video_3.mp4,EVT-TRK-EXP-001-video_3-TRK-002,TRK-002,151,3.02,cabin_candidate,arkaya_bakma_candidate,0.428819,"[1237, 787, 2412, 1584]",0.168461,0.043518,0.038017,0.042273,0.428819,0.094017,0.184895
video_3.mp4,EVT-TRK-EXP-001-video_3-TRK-002,TRK-002,161,3.22,full_frame,arkaya_bakma_candidate,0.414197,,0.012697,0.051035,0.393097,0.058195,0.414197,0.023805,0.046974
video_3.mp4,EVT-TRK-EXP-001-video_3-TRK-002,TRK-002,161,3.22,target_vehicle,arkaya_bakma_candidate,0.330197,"[398, 669, 2496, 2144]",0.105339,0.039753,0.084007,0.046008,0.330197,0.203175,0.19152
video_3.mp4,EVT-TRK-EXP-001-video_3-TRK-002,TRK-002,161,3.22,cabin_candidate,arkaya_bakma_candidate,0.407448,"[1237, 787, 2412, 1584]",0.258968,0.009308,0.007504,0.012246,0.407448,0.046237,0.258288
video_3.mp4,EVT-TRK-EXP-001-video_3-TRK-002,TRK-002,171,3.42,full_frame,arkaya_bakma_candidate,0.815077,,0.008461,0.020342,0.101575,0.023734,0.815077,0.008224,0.022587
video_3.mp4,EVT-TRK-EXP-001-video_3-TRK-002,TRK-002,171,3.42,target_vehicle,other_distraction_hard_negative,0.491838,"[398, 669, 2496, 2144]",0.066837,0.011952,0.026923,0.02421,0.303622,0.074617,0.491838
video_3.mp4,EVT-TRK-EXP-001-video_3-TRK-002,TRK-002,171,3.42,cabin_candidate,other_distraction_hard_negative,0.743088,"[1237, 787, 2412, 1584]",0.144248,0.005383,0.002217,0.006454,0.082461,0.016148,0.743088
video_3.mp4,EVT-TRK-EXP-001-video_3-TRK-002,TRK-002,181,3.62,full_frame,arkaya_bakma_candidate,0.79089,,0.009411,0.033741,0.064336,0.039356,0.79089,0.009992,0.052275
video_3.mp4,EVT-TRK-EXP-001-video_3-TRK-002,TRK-002,181,3.62,target_vehicle,other_distraction_hard_negative,0.651911,"[398, 669, 2496, 2144]",0.011304,0.012468,0.021986,0.013191,0.228058,0.061082,0.651911
video_3.mp4,EVT-TRK-EXP-001-video_3-TRK-002,TRK-002,181,3.62,cabin_candidate,other_distraction_hard_negative,0.653425,"[1237, 787, 2412, 1584]",0.101128,0.033894,0.004555,0.022694,0.151375,0.032928,0.653425
video_3.mp4,EVT-TRK-EXP-001-video_3-TRK-002,TRK-002,191,3.82,full_frame,arkaya_bakma_candidate,0.938284,,0.0021,0.010848,0.026314,0.004648,0.938284,0.007149,0.010656
video_3.mp4,EVT-TRK-EXP-001-video_3-TRK-002,TRK-002,191,3.82,target_vehicle,other_distraction_hard_negative,0.572777,"[398, 669, 2496, 2144]",0.008056,0.004261,0.006122,0.003501,0.346472,0.058812,0.572777
video_3.mp4,EVT-TRK-EXP-001-video_3-TRK-002,TRK-002,191,3.82,cabin_candidate,arkaya_bakma_candidate,0.348222,"[1237, 787, 2412, 1584]",0.217876,0.040624,0.025579,0.028418,0.348222,0.180596,0.158684
video_3.mp4,EVT-TRK-EXP-001-video_3-TRK-002,TRK-002,201,4.02,full_frame,arkaya_bakma_candidate,0.42196,,0.025907,0.009274,0.335031,0.009498,0.42196,0.125083,0.073246
video_3.mp4,EVT-TRK-EXP-001-video_3-TRK-002,TRK-002,201,4.02,target_vehicle,other_distraction_hard_negative,0.911828,"[398, 669, 2496, 2144]",0.01295,0.001759,0.006594,0.001292,0.038831,0.026747,0.911828
video_3.mp4,EVT-TRK-EXP-001-video_3-TRK-002,TRK-002,201,4.02,cabin_candidate,arkaya_bakma_candidate,0.858826,"[1237, 787, 2412, 1584]",0.002217,0.002455,0.021069,0.008706,0.858826,0.093365,0.013362
video_3.mp4,EVT-TRK-EXP-001-video_3-TRK-002,TRK-002,211,4.22,full_frame,arkaya_bakma_candidate,0.56113,,0.055143,0.006145,0.287122,0.007267,0.56113,0.042729,0.040463
video_3.mp4,EVT-TRK-EXP-001-video_3-TRK-002,TRK-002,211,4.22,target_vehicle,safe_or_no_event,0.426448,"[398, 669, 2496, 2144]",0.426448,0.005039,0.137366,0.006511,0.209475,0.112002,0.10316
video_3.mp4,EVT-TRK-EXP-001-video_3-TRK-002,TRK-002,211,4.22,cabin_candidate,arkaya_bakma_candidate,0.901356,"[1237, 787, 2412, 1584]",0.01088,0.003412,0.020067,0.004825,0.901356,0.050616,0.008844
video_3.mp4,EVT-TRK-EXP-001-video_3-TRK-002,TRK-002,221,4.42,full_frame,phone_use_non_call,0.647352,,0.009306,0.006904,0.647352,0.004775,0.307512,0.021436,0.002715
video_3.mp4,EVT-TRK-EXP-001-video_3-TRK-002,TRK-002,221,4.42,target_vehicle,phone_use_non_call,0.477563,"[398, 669, 2496, 2144]",0.014835,0.019355,0.477563,0.007137,0.375459,0.101919,0.003731
video_3.mp4,EVT-TRK-EXP-001-video_3-TRK-002,TRK-002,221,4.42,cabin_candidate,arkaya_bakma_candidate,0.975663,"[1237, 787, 2412, 1584]",7.8e-05,0.000247,0.000793,0.001598,0.975663,0.021438,0.000183
video_3.mp4,EVT-TRK-EXP-001-video_3-TRK-002,TRK-002,231,4.62,full_frame,phone_use_non_call,0.954916,,0.002544,0.002633,0.954916,0.002884,0.030655,0.005673,0.000696
video_3.mp4,EVT-TRK-EXP-001-video_3-TRK-002,TRK-002,231,4.62,target_vehicle,arkaya_bakma_candidate,0.496454,"[398, 669, 2496, 2144]",0.00154,0.030592,0.429506,0.013381,0.496454,0.025724,0.002803
video_3.mp4,EVT-TRK-EXP-001-video_3-TRK-002,TRK-002,231,4.62,cabin_candidate,arkaya_bakma_candidate,0.997889,"[1237, 787, 2412, 1584]",3e-06,2.9e-05,0.000183,0.000265,0.997889,0.001598,3.3e-05
video_3.mp4,EVT-TRK-EXP-001-video_3-TRK-002,TRK-002,241,4.82,full_frame,arkaya_bakma_candidate,0.715621,,0.00944,0.053701,0.181807,0.016595,0.715621,0.009212,0.013624
video_3.mp4,EVT-TRK-EXP-001-video_3-TRK-002,TRK-002,241,4.82,target_vehicle,arkaya_bakma_candidate,0.984085,"[398, 669, 2496, 2144]",0.000404,0.003432,0.008308,0.001255,0.984085,0.001512,0.001004
video_3.mp4,EVT-TRK-EXP-001-video_3-TRK-002,TRK-002,241,4.82,cabin_candidate,arkaya_bakma_candidate,0.697948,"[1237, 787, 2412, 1584]",0.020538,0.056841,0.035007,0.030723,0.697948,0.052802,0.106141
video_3.mp4,EVT-TRK-EXP-001-video_3-TRK-002,TRK-002,251,5.02,full_frame,arkaya_bakma_candidate,0.970536,,0.001967,0.008228,0.011424,0.003209,0.970536,0.002955,0.001681
video_3.mp4,EVT-TRK-EXP-001-video_3-TRK-002,TRK-002,251,5.02,target_vehicle,arkaya_bakma_candidate,0.927735,"[398, 669, 2496, 2144]",0.00526,0.016048,0.016974,0.007456,0.927735,0.017592,0.008934
video_3.mp4,EVT-TRK-EXP-001-video_3-TRK-002,TRK-002,251,5.02,cabin_candidate,arkaya_bakma_candidate,0.706601,"[1237, 787, 2412, 1584]",0.023659,0.03683,0.014243,0.022861,0.706601,0.059708,0.136098
video_3.mp4,EVT-TRK-EXP-001-video_3-TRK-002,TRK-002,261,5.22,full_frame,arkaya_bakma_candidate,0.979711,,0.001748,0.00527,0.007087,0.00247,0.979711,0.002413,0.001301
video_3.mp4,EVT-TRK-EXP-001-video_3-TRK-002,TRK-002,261,5.22,target_vehicle,arkaya_bakma_candidate,0.975671,"[398, 669, 2496, 2144]",0.004194,0.003214,0.004276,0.002368,0.975671,0.006387,0.00389
video_3.mp4,EVT-TRK-EXP-001-video_3-TRK-002,TRK-002,261,5.22,cabin_candidate,arkaya_bakma_candidate,0.659965,"[1237, 787, 2412, 1584]",0.095588,0.080344,0.020082,0.016922,0.659965,0.091539,0.03556
video_3.mp4,EVT-TRK-EXP-001-video_3-TRK-002,TRK-002,271,5.42,full_frame,arkaya_bakma_candidate,0.946514,,0.007951,0.006673,0.019819,0.01028,0.946514,0.003667,0.005096
video_3.mp4,EVT-TRK-EXP-001-video_3-TRK-002,TRK-002,271,5.42,target_vehicle,arkaya_bakma_candidate,0.984281,"[398, 669, 2496, 2144]",0.003076,0.001434,0.001934,0.000788,0.984281,0.005028,0.003458
video_3.mp4,EVT-TRK-EXP-001-video_3-TRK-002,TRK-002,271,5.42,cabin_candidate,arkaya_bakma_candidate,0.496358,"[1237, 787, 2412, 1584]",0.125799,0.045093,0.055809,0.06131,0.496358,0.128206,0.087424
video_3.mp4,EVT-TRK-EXP-001-video_3-TRK-002,TRK-002,281,5.62,full_frame,arkaya_bakma_candidate,0.82304,,0.023723,0.026218,0.056998,0.034616,0.82304,0.013746,0.021659
video_3.mp4,EVT-TRK-EXP-001-video_3-TRK-002,TRK-002,281,5.62,target_vehicle,arkaya_bakma_candidate,0.902006,"[398, 669, 2496, 2144]",0.020641,0.010342,0.007982,0.004626,0.902006,0.026801,0.027602
video_3.mp4,EVT-TRK-EXP-001-video_3-TRK-002,TRK-002,281,5.62,cabin_candidate,arkaya_bakma_candidate,0.6462,"[1237, 787, 2412, 1584]",0.08056,0.031693,0.046692,0.055159,0.6462,0.07948,0.060216
